{"cameraMode":{"drawMode":0,"name":"Shaded","section":"Shading Mode"},"sceneLighting":true,"audioPlay":false,"sceneViewState":{"showFog":true,"showMaterialUpdate":false,"showSkybox":true,"showFlares":true,"showImageEffects":true,"showParticleSystems":true},"in2DMode":false,"pivot":{"x":252.7236328125,"y":69.88265991210938,"z":148.2929229736328},"rotation":{"x":-0.006877115927636623,"y":0.9211885333061218,"z":0.016297796741127969,"w":0.38871368765830996},"size":39.450164794921878,"orthographic":false}